{
    "Devices": 
    [
        {
            "Type": 34,
            "Name": "MQTT",
            "Protocol": "TCP",
            "Merge": 0,
            
            "Connection": 
            {
                "Host": "scada.vimedia.ru",
                "Port": 42042,
                "Login": "Vimedia",
                "Password": "NmX51uXbqhaTJhF5NB",
                "MQTTVersion": 4,
				"ClientID": 1
            },
            
            "Commands":
            [
                {
                    "Direction": 1,
                    "Name": "Command 1",
                    "Params":
                    {
                        "Topic": 1,
						"ValueType": 1,
						"QoS": 0,
						"Retain": 1
                    }
                },
                {
                    "Direction": 1,
                    "Name": "Command 2",
                    "Params":
                    {
                        "Topic": 2,
						"ValueType": 1,
						"QoS": 0,
						"Retain": 1
                    }
                }

            ]

        }
		
    ]
}